customer_id,first_name,last_name,gender,dob,job,street,city,state,zip,lat,long,city_pop
630441765090,Susan,Washington,F,1965-07-26,Corporate investment banker,759 Erin Mount Suite 956,May,TX,76857,31.9571,-98.9656,1791
4260059589824237,Aaron,Rogers,M,1945-03-15,Network engineer,969 Huerta Path Apt. 270,Valentine,NE,69201,42.8062,-100.6215,4005
180094608895855,Tammie,Harper,F,1961-05-19,Forensic psychologist,57887 Gutierrez Harbor,Westfir,OR,97492,43.7575,-122.481,597
4789911625179723,Dorothy,Zuniga,F,1988-04-27,"Research officer, trade union",77321 Ford Via,Moriches,NY,11955,40.8095,-72.8229,3285
213126662687660,Christopher,Luna,M,1971-01-28,Video editor,242 Brian Mountain,Laredo,TX,78040,27.5155,-99.4986,248858
4265776278887457,Christine,Best,F,1954-01-05,"Physicist, medical",68248 Deanna Land,Enola,AR,72047,35.2087,-92.2123,969
213178850083780,Shawn,King,M,1976-10-18,Dealer,31493 Garcia Summit,Athena,OR,97813,45.8289,-118.4971,1302
3547560454237873,Jerry,Robinson,M,1966-12-21,"Designer, jewellery",212 Mary Stream,Arcadia,MI,49613,44.5232,-86.2061,680
4433091568498503,Linda,Davis,F,1936-03-28,Clinical biochemist,493 Todd Views,Gaithersburg,MD,20882,39.2335,-77.1458,135332
3536918668124647,Michelle,Juarez,F,1955-06-12,Science writer,44864 Melton Vista Suite 310,San Jose,CA,95148,37.3304,-121.7913,973849
4707867759656333,Susan,Shah,F,1967-02-04,"Psychologist, counselling",9016 Jordan Bypass Apt. 516,Cranks,KY,40820,36.7558,-83.1838,581
4666314527820883145,Guy,Thompson,M,1974-06-21,"Solicitor, Scotland",5812 Ramos Oval Suite 598,Ravenna,NE,68869,41.0233,-98.9041,2202
2248735346244816,Jacob,Weber,M,1962-11-11,Product/process development scientist,29156 Mark Park Apt. 108,Utica,KS,67584,38.6411,-100.138,269
30273037698427,Andrew,Patterson,M,2000-06-13,Careers information officer,06959 Stephen Branch Suite 246,Thida,AR,72165,35.5762,-91.4539,111
30487648872433,Stephanie,Crane,F,1955-01-05,Counsellor,144 Martinez Curve,Central,IN,47110,38.097,-86.1723,350
4481131401752,Frank,Foster,M,1975-04-30,English as a second language teacher,37910 Ward Lights,Shrewsbury,MA,1545,42.2848,-71.7205,35299
5456776410929288,Taylor,Khan,F,1954-05-25,Patent attorney,658 Diane Glen Apt. 677,North Washington,PA,16048,41.0472,-79.8089,139
213112402583773,Ana,Howell,F,1984-06-03,Research scientist (physical sciences),4664 Sanchez Common Suite 930,Bradley,SC,29819,34.0326,-82.2027,1523
4683520018489354,Charles,Carrillo,M,1995-04-19,"Editor, magazine features",17547 Stephen Turnpike Apt. 846,Hawthorne,CA,90250,33.9143,-118.3493,93193
4149238353975790,Tanner,Carroll,M,1989-04-08,Dealer,494 Burke Ports,Cokeburg,PA,15324,40.1008,-80.0652,632
2260801330657968,Monique,Fox,F,1926-09-14,Accounting technician,755 Gardner Heights Apt. 420,Paxton,MA,1612,42.3066,-71.9202,4845
6011388901471808,Jacqueline,Marsh,F,1951-02-05,Mining engineer,950 Sheryl Spurs,Dunlevy,PA,15432,40.1151,-79.8627,427
3519607465576254,Audrey,Gonzalez,F,1929-05-06,"Scientist, audiological",34180 Lopez Plaza,Fields Landing,CA,95537,40.7268,-124.2174,276
213113028819344,Melanie,Jimenez,F,1959-09-27,Building control surveyor,77944 Daniels Valley Suite 921,Camden,NY,13316,43.3392,-75.7543,6460
4653879239169997,Monica,Tucker,F,1999-06-06,"Therapist, sports",302 Christina Islands,Smiths Grove,KY,42171,37.0581,-86.1938,6841
3541160328600277,Jason,Singh,M,2003-05-07,Commercial/residential surveyor,4720 Anna Ways,Murrayville,IL,62668,39.5723,-90.2379,1512
374821819075109,Zachary,Boone,M,1927-12-11,Exhibition designer,3703 Benson Wells,Palmyra,NY,14522,43.0622,-77.2218,9565
4079773899158,Eric,Preston,M,1965-12-15,Cartographer,7020 Doyle Stream Apt. 951,Mesa,ID,83643,44.6255,-116.4493,129
4488258847705225890,Jessica,Shaw,F,1929-08-23,Chemical engineer,5745 Blair Locks,West Columbia,SC,29170,33.9568,-81.1405,52126
3533742182628021,Robert,Haynes,M,1997-06-04,Materials engineer,857 Aaron Circles Suite 398,Johns Island,SC,29455,32.8357,-79.8217,20478
6517217825320610,James,Reese,M,1958-06-11,"Librarian, academic",26975 Richardson Mills Apt. 402,Sontag,MS,39665,31.6453,-90.1801,1196
6573561108825071,Kristina,Lewis,F,1968-06-18,Bookseller,5449 Brandi Heights Apt. 111,Tulsa,OK,74130,36.2395,-95.9596,413574
4561892980175,Jacqueline,Allen,F,1968-02-10,Financial adviser,166 Lisa Fords,Greenwood,IN,46143,39.596,-86.1309,78968
6011231546538393,Johnny,Bennett,M,1993-07-05,"Psychologist, sport and exercise",321 Camacho Causeway,Boonton,NJ,7005,40.9115,-74.414,15269
341546199006537,Mark,Brown,M,1939-11-09,"Administrator, education",8580 Moore Cove,Wales,AK,99783,64.7556,-165.6723,145
4710792708725663,Justin,Bell,M,1986-12-13,"Research officer, trade union",954 Green Wall,Churubusco,IN,46723,41.229,-85.3244,7692
4586260469584,Melody,Thompson,F,1953-01-20,Architect,0362 Anderson Wall,Mound City,MO,64470,40.1362,-95.2138,1631
4587657402165341815,Amber,Lewis,F,2004-05-08,"Psychotherapist, child",6296 John Keys Suite 858,Pembroke Township,IL,60958,41.0646,-87.5917,2135
3559160581764413,Allen,Bell,M,1974-02-15,Toxicologist,70147 Amanda Fields,Saint Bonaventure,NY,14778,42.2701,-78.6847,1453
501802953619,Robert,Flores,M,1958-09-20,Call centre manager,3277 Fields Meadows Apt. 790,Greenview,CA,96037,41.5403,-122.9366,308
3561212938177173,Jose,Campbell,M,1977-01-04,Minerals surveyor,550 Cunningham Squares,Dadeville,AL,36853,32.8224,-85.7704,8269
3519232971341141,Michael,Jones,M,1961-09-10,Mental health nurse,754 Smith Isle,Amsterdam,OH,43903,40.4731,-80.9596,2208
6597888193422452,Bill,Lane,M,1964-08-23,Chief Technology Officer,4725 Hurst Curve Apt. 634,Holliday,TX,76366,33.6751,-98.6576,2317
4099707841315751,James,Stephens,M,1975-07-07,"Designer, ceramics/pottery",1166 Castillo Mountains,Ruckersville,VA,22968,38.2586,-78.4074,9815
571844099986,Susan,Mills,F,1952-04-02,Engineering geologist,005 Cody Estates,Louisville,KY,40202,38.2507,-85.7476,736284
4255397449664185994,George,Smith,M,1952-09-27,"Designer, interior/spatial",7377 Walton Extensions Apt. 979,Dallas,TX,75236,32.69,-96.9177,1263321
213161231269724,Alyssa,Morgan,F,1963-02-09,Physiological scientist,622 Robin Run Suite 764,Gadsden,AL,35901,34.048,-85.9246,67082
6011934240159560,Joshua,Cohen,M,1974-11-02,"Loss adjuster, chartered",426 Mark Ports,Brooklin,ME,4616,44.2541,-68.5565,824
4457732997086323466,Stanley,Mayo,M,1987-05-19,Immigration officer,3433 Jones Branch,Fiddletown,CA,95629,38.5234,-120.6763,832
4797297220948468262,Erica,Briggs,F,1991-03-13,Counsellor,3310 Davidson Spurs Apt. 107,Oolitic,IN,47451,38.8938,-86.5246,1228
180072527505094,Cody,Miller,M,1953-12-08,Control and instrumentation engineer,25748 John Wells,Mooresville,NC,28117,35.584,-80.8685,69793
3543591270174051,Margaret,Lam,F,1972-10-04,Early years teacher,6911 Nicholas Keys Apt. 237,Armagh,PA,15920,40.4603,-79.0097,922
4586810168620942,Michelle,Gregory,F,1997-07-05,"Sales professional, IT",6983 Carrillo Isle,Edisto Island,SC,29438,32.5486,-80.307,2408
180065479077096,Krystal,Gamble,F,1964-02-15,Clinical research associate,47152 Clayton Burg,Manchester,MD,21102,39.6747,-76.8941,11751
3546897637165774,Kayla,Obrien,F,1956-05-30,Barrister,7921 Robert Port Suite 343,Prairie Hill,TX,76678,31.6591,-96.8094,263
30143535920989,Lisa,Collins,F,1980-08-17,"Engineer, control and instrumentation",44197 Jeffrey Port Suite 050,Bridgeport,NJ,8014,39.8016,-75.3478,504
30371006069917,Robert,James,M,1961-01-31,"Development worker, community",92021 Miranda Meadows,Tamaroa,IL,62888,38.138000000000005,-89.2231,2135
4292743669224718067,Michael,Williams,M,1973-06-09,Art therapist,35822 Clayton Street Apt. 679,Great Mills,MD,20634,38.2674,-76.4954,5927
2254917871818484,Margaret,Gibson,F,1976-03-26,Insurance underwriter,382 Williams Stream Suite 197,Scotland,MD,20687,38.0828,-76.3477,313
4464457352619,Breanna,Rodriguez,F,1990-01-24,Television production assistant,118 Cabrera Springs Apt. 105,Lanark Village,FL,32323,29.8826,-84.5964,217
4952583804639909,Patricia,Rodriguez,F,1957-04-05,Magazine features editor,386 Randolph Throughway,Warren,OH,44483,41.2639,-80.8164,75903
4155021259183870,Renee,Parrish,F,1983-10-12,Research scientist (life sciences),174 Jennifer Meadow Apt. 467,Mountain Park,OK,73559,34.7032,-98.9591,540
30407675418785,Danielle,Evans,F,1991-10-13,Psychotherapist,76752 David Lodge Apt. 064,Breesport,NY,14816,42.1939,-76.7361,520
4328928491302401,Margaret,Ray,F,1981-05-06,Logistics and distribution manager,927 Cummings Manor Suite 318,Greendale,WI,53129,42.9373,-87.9943,13973
4158945090781624,Justin,Bell,M,1973-10-19,"Scientist, marine",5323 Walker Island,Pittsburgh,PA,15217,40.4308,-79.9205,687276
213161293389774,Catherine,Weber,F,1968-06-24,"Teacher, primary school",74890 Rodriguez Springs Apt. 540,West Henrietta,NY,14586,43.0397,-77.6871,10256
370348764075623,Christopher,Gomez,M,1951-09-03,"Accountant, chartered public finance",950 Dunn Squares,Tickfaw,LA,70466,30.5668,-90.482,8512
4277232699798846,Jennifer,Vance,F,1955-11-10,Illustrator,13299 Patrick Terrace,Rhame,ND,58651,46.1664,-103.7079,475
3540210836308425,Steven,Yoder,M,1992-06-19,Fisheries officer,94975 David Mews Apt. 316,Summerfield,TX,79085,34.7437,-102.5064,53
4467456915153312231,Rita,Myers,F,1966-09-16,Waste management officer,75703 Hernandez Corner Suite 348,Tampa,FL,33620,28.06,-82.4079,717255
6011382886333463,Martin,Duarte,M,1942-05-04,General practice doctor,6251 Payne Flats Apt. 581,Luzerne,MI,48636,44.6001,-84.2931,864
639030014711,Stephen,Lopez,M,1982-08-01,Mechanical engineer,696 Matthew Ford Suite 157,Olmsted,IL,62970,37.1935,-89.0933,639
6501313409525696,Carrie,Lewis,F,1987-05-05,"Merchandiser, retail",28925 Powell Mountains Apt. 762,Pecos,TX,79772,31.4467,-103.5791,12747
3554849923339851,John,Hudson,M,1948-05-01,Cabin crew,886 Nicole Key,Stillwater,OK,74074,36.1043,-97.0609,55345
30290551782700,John,Clarke,M,1961-09-03,Commissioning editor,27909 Peter Motorway,Cadiz,KY,42211,36.802,-87.8286,13422
676173792455,Brittany,Cox,F,1961-04-25,"Civil engineer, contracting",07177 William Dale Apt. 547,Santa Monica,CA,90403,34.0287,-118.4924,92043
4514242065619750,Janet,Carpenter,F,1988-09-02,"Pilot, airline",9870 Collins Flat,Laramie,WY,82072,41.4247,-105.4781,35371
3572976568630035,William,Lopez,M,1967-06-20,Associate Professor,785 Kevin Walk Suite 237,Brainard,NE,68626,41.1832,-96.9882,614
2512312531485080,John,Mccormick,M,1956-10-08,"Producer, radio",79414 Clark Lakes Suite 966,Warren,MI,48088,42.5164,-82.9832,134056
36153880429415,Erik,Stevens,M,1949-10-13,Plant breeder/geneticist,84033 Pitts Overpass,Lakeland,FL,33809,28.1762,-81.9591,237282
581508178315,Michael,Vargas,M,1978-08-08,Clothing/textile technologist,933 Martin Rapids,Desdemona,TX,76445,32.2819,-98.5673,407
60427851591,Bradley,Martinez,M,1976-06-30,Politician's assistant,3426 David Divide Suite 717,Burns Flat,OK,73624,35.3492,-99.188,2142
3598304579370089,Vincent,Flowers,M,1985-12-27,Heritage manager,0189 Emily Prairie,Wichita,KS,67232,37.6395,-97.1714,409656
581293083266,William,Thomas,M,1989-10-06,Podiatrist,39227 Mcpherson Shoals,Lahoma,OK,73754,36.385,-98.0727,1078
3538520143479972,Cassandra,Nunez,F,1965-09-15,Insurance underwriter,9572 Austin Forge Suite 612,Clay Center,OH,43408,41.5686,-83.3632,269
378858024506425,Debra,Eaton,F,1935-01-29,Building surveyor,72743 Brian Run,Paradise Valley,AZ,85253,33.5494,-111.9565,17047
4715741951931168360,Robert,Drake,M,1941-03-30,Sub,463 Willie Estates,Burbank,OK,74633,36.6966,-96.7869,471
30343344410970,Jacob,Dawson,M,1962-03-20,"Copywriter, advertising",663 Anna Plaza,Marienville,PA,16239,41.4622,-79.1306,4172
502038091380,Kurt,Peters,M,1980-03-18,"Engineer, agricultural",7290 Ashlee Keys,Kissee Mills,MO,65680,36.6704,-93.0377,1201
4536996888716062123,Nathan,Mendoza,M,1972-07-18,Historic buildings inspector/conservation officer,767 Adam Mill Apt. 115,Espanola,NM,87533,35.9866,-106.0654,18408
3560697798177746,Matthew,Young,M,1955-05-06,Learning mentor,8840 Miller Port Suite 645,Indian Wells,CA,92210,33.7163,-116.3381,4677
2252055259910912,Jason,Hernandez,M,1991-08-19,Arts development officer,220 Frank Gardens,Hewitt,WI,54441,44.6437,-90.1031,828
371226440126102,Stacy,Lambert,F,1974-12-24,Race relations officer,85430 Julie Trafficway Suite 792,Mulberry Grove,IL,62262,38.9311,-89.2463,1810
630424987505,Jennifer,Black,F,1981-08-29,Forensic psychologist,2870 Bean Terrace Apt. 756,Thomas,WV,26292,39.1505,-79.503,836
4149635823017,Samuel,Farrell,M,1977-06-14,Aid worker,428 Michael Tunnel Apt. 377,Cleveland,AL,35049,33.9778,-86.5598,3996
30131826429364,Brianna,Foley,F,1994-04-22,"Designer, industrial/product",57256 Raymond Ports,Knoxville,TN,37932,35.9335,-84.1481,391389
343472729187663,Gloria,Wallace,F,1971-08-05,"Optician, dispensing",234 Bridges Wells Apt. 389,Center Tuftonboro,NH,3816,43.6849,-71.2551,1368
30248898834493,Michael,Rodriguez,M,1953-04-19,Chief Operating Officer,172 Paula Inlet Apt. 650,Cross Plains,TX,76443,32.1482,-99.1872,1897
4379260813815979609,Thomas,Jenkins,M,1974-01-03,Barista,93914 Gregory Via,Oakland,CA,94619,37.7878,-122.1884,381459
6011652924285713,Kathryn,Smith,F,1988-10-26,Tax inspector,19838 Tonya Prairie Apt. 947,Rocky Mount,MO,65072,38.2911,-92.7059,1847
584673555952,Jessica,Jordan,F,1930-08-13,Make,071 Wise Trace,Coleharbor,ND,58531,47.5196,-101.2332,307
4561546772499,Daniel,Briggs,M,1988-08-04,"Therapist, art",7118 Jessica Unions Apt. 789,Moriarty,NM,87035,34.9889,-106.0609,7268
4653178848915023204,Robert,Hall,M,1987-04-29,Clinical psychologist,371 Anthony Trail Suite 354,Glade Spring,VA,24340,36.7779,-81.7676,5657
38295635583927,Candice,Brown,F,1983-06-14,Warden/ranger,9412 Harris Mews,O Brien,TX,79539,33.3749,-99.8473,178
4500002361389,Joseph,Nixon,M,1965-04-07,Music tutor,86882 Desiree Camp Suite 047,Tyaskin,MD,21865,38.2833,-75.8465,470
4874017206859125,Lauren,Williams,F,1982-05-28,Planning and development surveyor,065 Jones Stravenue,Lake Oswego,OR,97034,45.4093,-122.6847,42817
2657850734909997,Alan,Howard,M,1946-11-01,Trading standards officer,04139 Johnson Prairie Suite 401,Detroit,MI,48206,42.3749,-83.1087,673342
4428154703770710,Brittany,Guerra,F,1943-06-30,Chief Marketing Officer,79209 Gary Dale,Colton,WA,99113,46.5901,-117.1692,761
342351256941125,Rebecca,Obrien,F,1990-06-08,Theatre manager,5619 Mendoza Inlet,Juliette,GA,31046,33.1194,-83.8235,3343
675945690716,Ellen,Smith,F,2000-06-09,Podiatrist,285 George Lake,Beaver Falls,PA,15010,40.7687,-80.3592,28425
4890424426862856940,Jeremy,Whitney,M,1979-04-30,Magazine features editor,0371 Aimee Neck Suite 856,Sacramento,CA,95827,38.5662,-121.3286,757530
38014427445058,Sonya,Jensen,F,1946-08-11,Sport and exercise psychologist,4470 Jillian Courts,Adams,WI,53910,43.8967,-89.8219,3508
4904681492230012,Lisa,Lowe,F,1990-10-19,Comptroller,574 David Locks Suite 207,Cottekill,NY,12419,41.8467,-74.1038,722
4440581794652,Karen,Cooper,F,1960-03-01,"Pharmacist, hospital",425 Caleb Point Apt. 050,San Diego,CA,92128,33.0067,-117.069,1241364
4430881574719618,Alicia,Morales,F,1939-11-04,Public relations account executive,4456 Dunn Roads,Meredith,CO,81642,39.3199,-106.6596,61
3587960728692500,Kathy,Hughes,F,1997-01-02,"Teacher, early years/pre",02110 Lucas Freeway Suite 517,Battle Creek,IA,51006,42.3327,-95.6045,1075
4476840372112,Steven,Walters,M,1979-01-21,"Editor, commissioning",3206 Hall Divide Suite 282,Woodville,AL,35776,34.6689,-86.2296,3395
4996263498048679,Kendra,King,F,1983-06-13,Web designer,154 Hernandez Keys,Smith River,CA,95567,41.9404,-124.1587,1930
5154903938030655,Felicia,Combs,F,1993-10-05,Community development worker,825 Martinez Springs Apt. 625,White Sulphur Springs,WV,24986,37.7827,-80.3129,5216
30518196150127,Karen,Sullivan,F,1975-06-02,"Buyer, retail",6313 Scott Trace,Rossville,IL,60963,40.3625,-87.6692,1807
4412720572684931,Richard,Marshall,M,1949-11-17,Psychiatrist,295 Page Creek Suite 181,Greenbush,VA,23357,37.7681,-75.6664,776
4294930380592,Misty,Rivera,F,1940-08-23,Equality and diversity officer,1980 Vasquez Manors Apt. 574,Catawba,VA,24070,37.3696,-80.1284,1363
371009169330125,Randall,Burgess,M,2003-09-14,Rural practice surveyor,393 Carroll Route Suite 197,Norman Park,GA,31771,31.2462,-83.6549,5666
4228411452607671,Aaron,Stewart,M,1995-04-22,Advertising account planner,400 Zuniga Pine,Winthrop,ME,4364,44.3229,-69.9576,6025
4908846471916297,Lauren,Torres,F,1992-07-24,"Radiographer, therapeutic",03030 White Lakes,Grandview,TX,76050,32.2779,-97.2351,5875
6011948324228984,Mckenzie,Brooks,F,1961-12-14,"Administrator, local government",3872 Matthew Skyway,Paris,MS,38949,34.1992,-89.382,297
630451534402,Rachel,Daniels,F,1972-06-12,Immunologist,561 Little Plain Apt. 738,Wetmore,MI,49895,46.3535,-86.6345,765
2248348993063230,Jennifer,Scott,F,1960-08-05,Mechanical engineer,376 John Fork Suite 848,Randolph,OH,44265,41.0109,-81.2977,51
2288813824604479,Barbara,Norman,F,1981-08-29,Herbalist,6278 Stephanie Unions,New York City,NY,10039,40.8265,-73.9383,1577385
4292902571056973207,Jeffrey,Smith,M,1995-08-16,"Therapist, horticultural",135 Joseph Mountains,Sula,MT,59871,45.8433,-113.8748,218
6506116513503136,Kimberly,Rice,F,1984-05-04,Sports development officer,63991 Destiny Rue Apt. 651,Tyler,TX,75703,32.2768,-95.3031,144160
4306630852918,Maureen,Garza,F,1960-03-12,Occupational hygienist,169 Edward Inlet,Saint Louis,MO,63131,38.6171,-90.4504,927396
180081032825079,Connie,Carroll,F,1955-04-03,Trading standards officer,872 Justin Views Suite 746,Duncan,MS,38740,34.047,-90.7652,466
180058696935600,Richard,Barnes,M,2000-08-28,Chartered accountant,1339 Johnson Landing Suite 007,De Lancey,NY,13752,42.18899999999999,-74.9229,782
4169759661243568,Jamie,Carr,F,1972-02-15,Special educational needs teacher,55363 Aaron Circle Suite 450,Lawn,PA,17041,40.2236,-76.538,213
4208110975550360171,David,Bonilla,M,1982-01-16,Audiological scientist,82073 Jessica Camp,West Green,GA,31567,31.6143,-82.7243,782
4810839835482794272,Carolyn,Perez,F,1985-08-31,Production manager,433 Blake Roads Suite 967,Wheaton,MO,64874,36.7651,-94.0492,760
6011305591981276,Daniel,Jones,M,1959-06-06,"Engineer, automotive",290 Kathryn Fall,Huntsville,AL,35803,34.6205,-86.551,190178
3518669219150142,Dorothy,Thomas,F,1996-11-12,Hospital doctor,537 Rice Square Suite 040,Milford,OH,45150,39.1657,-84.23299999999999,31394
30546453310167,Nicholas,Tran,M,1955-01-13,"Scientist, research (medical)",672 Randall Burg Suite 551,Belmont,NH,3220,43.4512,-71.48899999999999,7430
3585740823295298,James,Greene,M,1998-03-18,"Librarian, public",082 Hernandez Bypass Apt. 886,Quanah,TX,79252,34.2956,-99.7494,3202
3517527805128735,Tracy,Conway,F,1990-04-25,Medical secretary,6778 Campos Field,Bonfield,IL,60913,41.1573,-88.0619,1617
213148039875802,Jill,Jacobs,F,1978-11-30,Environmental consultant,034 Kimberly Mountains,Brandon,FL,33510,27.9551,-82.2966,79613
3560246577314524,Sarah,Scott,F,1930-10-21,Textile designer,03090 Fisher Forges Apt. 200,Wichita,KS,67216,37.6223,-97.3136,409656
30510856607165,Frederick,Robinson,M,1965-04-01,Horticultural consultant,1125 Ray Track,Livonia,MI,48154,42.3958,-83.3772,96942
346208242862904,Tabitha,Reyes,F,1961-05-13,"Pharmacist, hospital",20938 Barbara Viaduct,New York City,NY,10280,40.7105,-74.0163,1577385
6539653032686894,Samuel,Short,M,1966-09-19,Soil scientist,23383 Denise Pine Apt. 099,Sacramento,CA,95842,38.6865,-121.3494,757530
3551512895305309,Erika,Anderson,F,1947-07-15,"Development worker, international aid",3786 Hale Corners,Rochester,KY,42273,37.2048,-86.8592,443
4425161475596168,Brooke,Fisher,F,1962-06-27,Drilling engineer,815 Heather Divide Apt. 965,San Angelo,TX,76905,31.4647,-100.39,103927
30373802285317,Nicholas,Osborne,M,1956-05-15,Wellsite geologist,7538 Carrie Meadow Suite 574,Claremont,CA,91711,34.1092,-117.7183,35705
4266200684857219,Joshua,Bryant,M,1956-12-13,Television/film/video producer,5452 Patricia Inlet Apt. 280,Nelson,NE,68961,40.201,-98.0684,732
4158008602445,Alicia,Miller,F,1979-12-27,Barrister,976 Hubbard Lodge,Randolph,MN,55065,44.5274,-93.0196,1201
180084695172649,Holly,Mann,F,1985-12-08,Building surveyor,7644 Joseph Fields,Nokomis,IL,62075,39.3036,-89.2853,3458
4462038234743679432,Kimberly,Bush,F,1945-11-26,Hydrogeologist,6027 Scott Meadows Suite 494,Dell City,TX,79837,31.924,-105.2099,579
2227671554547514,Angie,Jones,F,1979-10-22,"Geneticist, molecular",6970 Blake Trail,Clearwater,FL,33760,27.9004,-82.7152,172247
180017442990269,Michelle,Anderson,F,1939-06-01,"Designer, textile",28311 Dennis Trace,Albany,NY,12222,42.6853,-73.8253,151022
3512365128314616,Francisco,Kemp,M,1985-03-31,Land/geomatics surveyor,9554 Flores Drive,Arnold,MO,63010,38.4305,-90.387,35439
4279161831637,Lisa,Hendrix,F,1987-08-16,Physiotherapist,35737 Kirby Fall Suite 409,Vanderbilt,PA,15486,40.0246,-79.6955,2303
4509922033272157,Monica,West,F,1972-03-28,Neurosurgeon,22084 Smith Roads Suite 776,Hurley,SD,57036,43.2893,-97.1904,811
3565196229855512,Adriana,Harvey,F,1950-09-15,"Investment banker, corporate",715 Joy Prairie,Unionville,MO,63565,40.4815,-92.9951,3805
4972228199573984,Brian,Hogan,M,1960-04-08,Quantity surveyor,3316 Cindy Land,Lane,OK,74555,34.2691,-95.9685,861
570273151375,Peter,Edwards,M,1965-02-03,"Lecturer, higher education",96122 Steven Flat,Allentown,GA,31003,32.6064,-83.2095,112
4178097073221156,Jill,Flores,F,1981-03-29,"Horticulturist, commercial",639 Cruz Islands,Baroda,MI,49101,41.9488,-86.4913,3104
373043435942726,Vincent,Richards,M,1981-03-04,Trading standards officer,2064 Tyler Fork,Beasley,TX,77417,29.479,-95.9681,2457
4980323467523543940,Patrick,Massey,M,1947-10-27,Structural engineer,7812 Shane Shoals Apt. 607,North Haverhill,NH,3774,44.0978,-72.0191,1966
4390966588600992777,Kyle,Simmons,M,1966-06-24,Advertising copywriter,8149 Harris Divide,Oklahoma City,OK,73134,35.6174,-97.5583,640470
4651007077623147,Andrea,Lewis,F,1956-09-14,Video editor,43075 Cohen Shoals,Ashford,WA,98304,46.7531,-121.9898,759
213186334552049,Andrea,Perkins,F,1972-09-13,Chief Marketing Officer,37426 Olson Villages,Irvine,PA,16329,41.8117,-79.2643,528
30541100351706,Derrick,George,M,1990-09-12,"Education officer, museum",575 Chapman Union,Spring,TX,77379,30.0377,-95.5326,316665
4670613943676271,Bianca,Novak,F,1947-08-14,Fitness centre manager,0953 David Skyway,Cuthbert,GA,39840,31.7706,-84.7936,5726
4713464490314802,Wesley,Parker,M,1981-01-26,"Designer, industrial/product",7452 Browning Port,Mc Intosh,SD,57641,45.7084,-101.1546,295
6011252220172077,Melvin,Wright,M,2001-12-19,"Engineer, land",210 Dean Causeway Suite 130,Alton,IA,51003,42.9782,-96.0173,1700
675909898057,Christopher,Henry,M,1964-03-16,Television/film/video producer,1198 Robert Stravenue Apt. 479,Armonk,NY,10504,41.136,-73.7009,7987
3554818239968984,Cory,Thomas,M,1970-09-27,Glass blower/designer,6458 Roberson Alley,Williamsburg,MO,63388,38.8874,-91.7689,710
4570636521433188,Christine,Leblanc,F,1988-04-09,Commercial horticulturist,5097 Jodi Vista Suite 811,Deltona,FL,32725,28.8989,-81.2473,88735
3593399694467427,Douglas,Smith,M,1964-08-18,TEFL teacher,85932 Marc Throughway Apt. 080,Knowlesville,NY,14479,43.2363,-78.3138,275
6550399784335736,Harry,Mckee,M,1984-08-31,Quantity surveyor,95351 Sullivan Viaduct Apt. 239,Port Charlotte,FL,33981,26.9379,-82.2388,79008
4698163635895795,Sharon,Powell,F,1989-08-16,"Teacher, adult education",101 Carla Loop,Wendel,CA,96136,40.3406,-120.2824,104
4986925034905735,Erika,Gonzalez,F,1959-06-18,"Editor, magazine features",907 Courtney Via Apt. 896,Irvine,KY,40336,37.6858,-83.9862,13061
4396682467723,Scott,Cole,M,1960-01-16,Catering manager,646 Louis Fort Apt. 665,North Las Vegas,NV,89084,36.2815,-115.1482,214518
4306586894261180,Renee,Walls,F,1959-10-19,"Development worker, community",86542 Jessica Fords Apt. 706,Veedersburg,IN,47987,40.1186,-87.2602,4049
4806443445305,Eric,Patel,M,2001-07-10,Geochemist,69459 Rachel Prairie Apt. 850,Ironton,OH,45638,38.5294,-82.6654,21635
213186551511454,Cody,Dean,M,1951-03-31,Chief Operating Officer,737 Thomas Wall Apt. 502,West Bethel,ME,4286,44.402,-70.8601,47
4257110907449569602,Ryan,Anderson,M,2000-02-15,"Engineer, building services",254 Webster Harbor,Waukau,WI,54980,43.9886,-88.7712,149
4492677353108006,Ashlee,Long,F,1925-08-29,Comptroller,76332 Maria Squares,Phelps,NY,14532,42.9582,-77.0473,4431
3547336099599450,Larry,Garcia,M,1962-11-15,Lawyer,24809 Cross Creek,Beacon,NY,12508,41.5097,-73.9634,19880
6011732631674654,Christina,Norris,F,1963-02-26,Sales promotion account executive,5273 Joseph Isle Suite 518,Claypool,IN,46510,41.1165,-85.8686,3631
5144043920225212,Dakota,Fowler,M,2001-07-17,Tree surgeon,16220 Joseph Point Suite 096,Mountain City,TN,37683,36.4657,-81.814,13021
3548710338694745,Michael,Rivera,M,1965-08-18,"Editor, film/video",731 Watson Spring,Granbury,TX,76048,32.425,-97.7742,47119
6011826317034777,Christine,Johnson,F,2000-03-16,"Designer, multimedia",9612 Robert Light Apt. 340,Georgetown,DE,19947,38.679,-75.3932,18799
345225948700767,Christopher,Wilson,M,1940-10-27,Community pharmacist,3305 Angel Grove Apt. 465,Ashland,KY,41101,38.4722,-82.6461,40470
4243521033756702612,Jose,Jones,M,1956-03-20,Broadcast journalist,492 West Crossing,Clarion,PA,16214,41.2123,-79.3773,10127
3546436741611231,Julie,Vasquez,F,1952-11-23,Legal secretary,740 Moses Trail Suite 452,Byesville,OH,43723,39.9623,-81.5485,4984
6500249000784905,Arthur,Wells,M,1966-06-12,"Accountant, chartered certified",8206 Harris Extensions Apt. 996,Wilmington,NC,28412,34.1572,-77.9141,186140
4225628813173670,Rachel,Johnson,F,1964-09-17,Warehouse manager,3307 Ferguson Way,Bruce,MS,38915,34.0066,-89.3484,4046
180097223252063,Samantha,Ramirez,F,1936-05-04,Aeronautical engineer,7281 Joshua Mills Apt. 077,Streator,IL,61364,41.1225,-88.8307,20133
340214844585279,Brenda,Norris,F,1943-08-04,Further education lecturer,20788 Johnson Crest,Wartburg,TN,37887,36.1016,-84.5652,7511
3576207763781753,Randy,Warner,M,1940-07-30,Fitness centre manager,554 Harrell Ferry Suite 533,Brookfield,WI,53045,43.0668,-88.1469,41111
3501285649323933,David,Peterson,M,1963-03-14,Trading standards officer,4177 Rosales Summit Apt. 973,Nicholson,PA,18446,41.6412,-75.7641,3733
3562793934111141,Meagan,Edwards,F,1997-04-17,Television production assistant,10376 Bullock Rapid,Queen Anne,MD,21657,38.9456,-75.9777,777
